<ui>
  <menubar name="MenuBar">
    <menu action="FileMenu">
      <menuitem action="OpenModel"/>
      <menuitem action="OpenRecentModel" name="OpenRecentModelMenu"/>
      <menuitem action="SaveModel"/>
      <menuitem action="SaveAsModel"/>
      <separator />
      <menuitem action="ExportGCodeVisible"/>
      <menuitem action="ExportGCodeAll"/>
      <separator />
      <menuitem action="Quit"/>
    </menu>
    <menu action="EditMenu">
      <menuitem action="UndoButton"/>
      <separator />
      <menuitem action="CopyModelToClipboard"/>
      <menuitem action="PasteModelFromClipboard"/>
    </menu>
    <menu action="SettingsMenu">
      <menuitem action="LoadTaskSettings"/>
      <menuitem action="SaveTaskSettings"/>
      <menuitem action="SaveAsTaskSettings"/>
      <separator />
      <menuitem action="ExportEMCToolDefinition"/>
      <separator />
      <menuitem action="GeneralSettings"/>
    </menu>
    <menu action="ExtrasMenu">
      <menuitem action="ShowFontDialog"/>
    </menu>
    <menu action="WindowMenu">
      <menuitem action="Toggle3DView"/>
      <menuitem action="ToggleLogWindow"/>
      <menuitem action="ToggleProcessPoolWindow"/>
    </menu>
    <menu action="HelpMenu">
      <menuitem action="HelpUserManual"/>
      <menuitem action="HelpIntroduction"/>
      <menu action="HelpMenuMisc">
        <menuitem action="HelpSupportedFormats"/>
        <menuitem action="HelpModelTransformations"/>
        <menuitem action="HelpGCodeExport"/>
        <menuitem action="HelpSimulation"/>
        <menuitem action="HelpServerMode"/>
        <menuitem action="HelpCommandLine"/>
        <menuitem action="HelpHotkeys"/>
        <menuitem action="HelpTouchOff"/>
      </menu>
      <menu action="HelpMenuGUI">
        <menuitem action="HelpToolTypes"/>
        <menuitem action="HelpProcessSettings"/>
        <menuitem action="HelpBoundsSettings"/>
        <menuitem action="HelpTaskSetup"/>
        <menuitem action="Help3DView"/>
      </menu>
      <separator />
      <menuitem action="ProjectWebsite"/>
      <menuitem action="Forum"/>
      <menuitem action="FeatureRequest"/>
      <menuitem action="BugTracker"/>
      <menuitem action="DevelopmentBlog"/>
      <separator />
      <menuitem action="About"/>
    </menu>
  </menubar>
</ui>

